Enclosure,Treatment,Date,Interval,Weather,Time,Temp ©,Secchi (cm),DO (mg/L),Cond. (uS/cm),pH,PC:CHL,PC RFU,CHL RFU,PC Blank,CHL Blank,CHL Corrected,PC Corrected,TN (ug/L),TP (ug/L),TN:TP,SRP (ug/L),NO3-N (mg/L),TAN (ug/L),Urea-N (ug/L),TDN (ug/L),Chlororphyll (ug/L),Phycocyanin (ug/L),PHYC:CHL,Toxins,MIB (ng/L),Geosmin(ng/L),Phyto cells/mL,Cyano cells/mL,pg phyco/cell,pg chloro/cell,notes
Community-1,NO3,9/21/2020,0hr.,Partly Cloudy,7:03,21.3,39,13.65,89.9,9.96,1.5382,10963,7127.5,5,52,7075.5,10958,2192.36,280.86,7.81,9.71,0.00,0.00,0.00,0.00,99.55,137.30,1.379241119,1.490,0.00,4.12,58194.29,46324,2.96,1.71,
Community-2,NH4,9/21/2020,0hr.,Partly Cloudy,7:17,21.3,39,13.62,89.5,9.97,3.0532,14431,4726.6,12,55,4671.6,14419,1764.11,241.27,7.31,21.10,0.00,0.00,12.97,12.97,68.51,159.21,2.32393241,1.278,0.00,4.19,64888.39,53184,2.99,1.06,
Community-3,Control,9/21/2020,0hr.,Partly Cloudy,7:24,21.2,38,13.52,89.4,9.99,3.0484,14728,4831.5,14,49,4782.5,14714,2480.35,250.17,9.91,19.33,0.00,0.00,0.00,0.00,101.26,140.99,1.392292736,1.467,2.72,4.18,74489.80,62165,2.27,1.36,
Community-4,Urea,9/21/2020,0hr.,Partly Cloudy,7:36,21.3,35,12.96,86.3,9.95,1.5308,11543,754.09,11,52,702.09,11532,2197.65,292.86,7.50,17.78,0.00,0.00,5.50,5.50,126.25,124.77,0.988273707,1.355,0.00,4.77,68731.54,52105,2.39,1.84,
Community-5,NH4,9/21/2020,0hr.,Partly Cloudy,7:42,21.2,40,13.69,89.5,10.05,1.5124,12369,8179,10,52,8127,12359,2211.64,276.53,8.00,24.36,0.00,0.00,0.00,0.00,101.21,122.33,1.208657378,1.746,0.00,4.14,54708.35,44203,2.77,1.85,
Community-6,NO3,9/21/2020,0hr.,Partly Cloudy,7:54,21.1,38,13.66,89.2,10.08,3.0969,13022,4205,24,58,4147,12998,1927.39,209.84,9.19,23.99,0.00,0.00,0.00,0.00,95.19,169.89,1.784681597,1.280,0.00,4.27,81053.64,69266,2.45,1.17,
Community-7,Control,9/21/2020,0hr.,Partly Cloudy,8:00,21.2,39,13.67,89.5,10.1,2.2093,13315,6027.2,22,54,5973.2,13293,1916.19,229.63,8.34,23.62,0.00,0.00,0.00,0.00,95.32,183.64,1.926579636,1.393,0.00,3.69,76101.39,62205,2.95,1.25,
Community-8,Urea,9/21/2020,0hr.,Partly Cloudy,8:05,21.1,37,13.77,90.6,10.15,3.8434,21783,5667.8,15,52,5615.8,21768,2365.28,230.87,10.25,28.28,0.00,0.00,0.00,0.00,98.08,256.52,2.615505608,1.747,0.00,4.19,69551.95,64092,4.00,1.41,
Community-9,NH4,9/21/2020,0hr.,Partly Cloudy,8:14,21.1,37,13.72,90.7,10.11,2.4966,12544,5024.5,12,49,4975.5,12532,2081.33,211.57,9.84,21.33,0.00,0.00,23.42,23.42,93.67,124.07,1.324568548,1.742,0.00,4.53,87372.62,77446,1.60,1.07,
Community-10,Control,9/21/2020,0hr.,Partly Cloudy,8:20,21.1,39,13.57,89.6,10.12,3.3585,15304,4557,49,51,4506,15255,1869.85,209.59,8.92,31.61,0.00,0.00,0.00,0.00,75.55,161.76,2.141057162,0.031,0.00,3.94,58100.26,50118,3.23,1.30,
Community-11,NO3,9/21/2020,0hr.,Partly Cloudy,8:25,21.1,37,13.6,90.3,10.12,6.1338,26059,4248.4,37,63,4185.4,26022,2221.91,211.32,10.51,21.03,0.00,0.00,0.00,0.00,89.60,160.91,1.795873985,0.321,0.00,4.40,69842.08,53877,2.99,1.28,
Community-12,Urea,9/21/2020,0hr.,Partly Cloudy,8:35,21.1,38,13.57,90.7,10.11,2.4803,12785,5154.8,10,49,5105.8,12775,1965.33,277.40,7.08,17.48,0.00,0.00,0.00,0.00,87.72,161.40,1.840070779,1.401,0.00,4.46,66649.36,56103,2.88,1.32,
Community-13,NH4,9/21/2020,0hr.,Partly Cloudy,8:42,21.1,37,13.58,91,10.11,1.6956,11276,6650.5,7,53,6597.5,11269,1906.55,264.03,7.22,16.15,0.00,0.00,0.00,0.00,83.78,123.57,1.474982003,1.020,0.00,5.27,76562.93,63411,1.95,1.09,
Community-14,NO3,9/21/2020,0hr.,Partly Cloudy,8:51,21.1,33,13.7,90.7,10.1,6.3246,26682,4218.7,49,63,4155.7,26633,2035.93,250.05,8.14,23.62,0.00,0.00,0.00,0.00,99.59,158.66,1.593095484,0.197,0.00,4.89,50537.20,39949,3.97,1.97,
Community-15,Urea,9/21/2020,0hr.,Partly Cloudy,8:56,21.1,35,13.8,90.9,10.14,6.4818,24391,3763.1,21,56,3707.1,24370,1981.50,220.35,8.99,23.62,0.00,0.00,0.00,0.00,98.63,172.93,1.753349812,0.980,0.00,4.25,56879.22,46374,3.73,1.73,
Community-16,Control,9/21/2020,0hr.,Partly Cloudy,9:05,21.1,37,13.84,91.4,10.13,3.9143,16405,4191.2,52,54,4137.2,16353,1997.98,232.23,8.60,30.35,0.00,0.00,4.44,4.44,89.10,215.89,2.422873282,0.066,0.00,4.67,78778.03,60828,3.55,1.13,
Community-17,NH4,9/21/2020,0hr.,Partly Cloudy,9:15,21.1,39,13.75,91.4,10.13,3.579,13350,3730.1,47,52,3678.1,13303,1811.07,231.98,7.81,22.44,0.00,0.00,0.00,0.00,85.94,174.75,2.033360915,1.473,0.00,3.98,70021.10,58730,2.98,1.23,
Community-18,NO3,9/21/2020,0hr.,Partly Cloudy,9:23,21.1,35,13.92,92.2,10.17,4.3841,20586,4695.8,28,66,4629.8,20558,2088.80,232.23,8.99,26.58,0.00,0.00,0.00,0.00,93.64,173.50,1.852815925,0.420,0.00,4.40,68246.96,53771,3.23,1.37,
Community-19,Control,9/21/2020,0hr.,Partly Cloudy,9:33,21.2,36,13.87,91.9,10.15,2.9359,14714,5011.7,14,53,4958.7,14700,1817.91,208.47,8.72,19.77,0.00,0.00,0.00,0.00,74.12,187.48,2.529443173,1.464,0.00,4.37,78331.10,60298,3.11,0.95,
Community-20,Urea,9/21/2020,0hr.,Partly Cloudy,9:44,21.2,36,13.95,92.6,10.17,4.4907,16741,3728,59,56,3672,16682,1963.77,214.79,9.14,31.46,0.00,0.00,13.18,13.18,86.31,181.52,2.103188005,0.066,0.00,1.73,74021.26,61365,2.96,1.17,
Community-21,NH4,9/21/2020,0hr.,Partly Cloudy,9:50,21.2,35,13.98,93,10.2,2.1809,12793,5866.1,26,56,5810.1,12767,2094.71,240.89,8.70,24.36,0.00,0.00,0.00,0.00,82.46,253.34,3.072375823,0.527,0.00,4.37,78091.38,58859,4.30,1.06,
Community-22,NO3,9/21/2020,0hr.,Partly Cloudy,9:55,21.2,34,13.92,91.5,10.17,4.4505,18200,4089.4,143,65,4024.4,18057,2049.92,228.77,8.96,33.24,0.00,0.00,0.00,0.00,72.91,113.16,1.552055158,0.046,0.00,4.88,83958.69,71261,1.59,0.87,
Community-23,Urea,9/21/2020,0hr.,Partly Cloudy,10:00,21.2,38,14.01,92.4,10.18,0.2001,530.36,2651.1,6,36,2615.1,524.36,1749.18,219.61,7.96,43.97,0.00,0.00,1.45,1.45,50.23,0.52,0.010401654,0.016,0.00,4.22,92096.47,82294,0.01,0.55,
Community-24,Control,9/21/2020,0hr.,Partly Cloudy,10:09,21.3,39,13.38,89.6,10.1,2.5509,12421,4869.7,46,54,4815.7,12375,2072.00,230.50,8.99,35.75,0.00,0.00,0.00,0.00,81.21,175.07,2.155818085,0.048,0.70,4.96,50128.33,39540,4.43,1.62,
Community,Pond,9/21/2020,0hr.,Partly Cloudy,10:13,21.4,37,10.14,80,9.7,2.323,16148,6951.5,42,62,6889.5,16106,2009.49,240.20,8.37,25.47,0.00,0.00,0.00,0.00,85.64,261.76,3.056623175,0.984,0.00,4.97,n/a,78406,3.34,n/a,
Community-1,NO3,9/21/2020,2hr.,Partly Cloudy,12:12,21.7,34,15.93,106.1,10.36,1.099,2051.3,1866.6,85,47,1819.6,1966.3,n/a,n/a,n/a,123.35,0.66,0.00,0.00,656.27,n/a,n/a,n/a,n/a,n/a,n/a,n/a,n/a,n/a,n/a,
Community-2,NH4,9/21/2020,2hr.,Partly Cloudy,12:22,21.8,41,15.6,98.3,10.25,0.449,472.08,1051.5,4,34,1017.5,468.08,n/a,n/a,n/a,124.51,0.01,610.66,15.10,634.31,n/a,n/a,n/a,n/a,n/a,n/a,n/a,n/a,n/a,n/a,
Community-3,Control,9/21/2020,2hr.,Partly Cloudy,12:27,22,38,15.76,102.3,10.38,0.3975,747.41,1880.4,5,31,1849.4,742.41,n/a,n/a,n/a,136.27,0.00,10.40,0.00,10.40,n/a,n/a,n/a,n/a,n/a,n/a,n/a,n/a,n/a,n/a,
Community-4,Urea,9/21/2020,2hr.,Partly Cloudy,12:36,22,33,15.67,102,10.36,4.2733,20900,4890.9,21,52,4838.9,20879,n/a,n/a,n/a,94.90,0.00,0.00,428.87,428.87,n/a,n/a,n/a,n/a,n/a,n/a,n/a,n/a,n/a,n/a,
Community-5,NH4,9/21/2020,2hr.,Partly Cloudy,12:47,22,33,15.95,100.1,10.35,3.4856,12233,3509.6,215,69,3440.6,12018,n/a,n/a,n/a,120.16,0.00,703.30,19.15,722.46,n/a,n/a,n/a,n/a,n/a,n/a,n/a,n/a,n/a,n/a,
Community-6,NO3,9/21/2020,2hr.,Partly Cloudy,12:50,22,38,16.33,108,10.46,2.5396,13121,5166.4,11,51,5115.4,13110,n/a,n/a,n/a,93.67,0.72,0.00,0.00,717.60,n/a,n/a,n/a,n/a,n/a,n/a,n/a,n/a,n/a,n/a,
Community-7,Control,9/21/2020,2hr.,Partly Cloudy,12:55,22.1,39,16.22,104.2,10.46,3.7061,12080,3259.5,131,50,3209.5,11949,n/a,n/a,n/a,127.12,0.00,0.00,0.00,0.00,n/a,n/a,n/a,n/a,n/a,n/a,n/a,n/a,n/a,n/a,
Community-8,Urea,9/21/2020,2hr.,Partly Cloudy,13:00,21.8,38,16.79,109.8,10.52,5.27,17305,3283.8,10,46,3237.8,17295,n/a,n/a,n/a,93.02,0.00,0.00,411.81,411.81,n/a,n/a,n/a,n/a,n/a,n/a,n/a,n/a,n/a,n/a,
Community-9,NH4,9/21/2020,2hr.,Partly Cloudy,13:09,22.1,35,16.42,103.6,10.4,5.5404,22957,4143.6,126,61,4082.6,22831,n/a,n/a,n/a,110.36,0.00,660.03,0.00,660.03,n/a,n/a,n/a,n/a,n/a,n/a,n/a,n/a,n/a,n/a,
Community-10,Control,9/21/2020,2hr.,Partly Cloudy,13:15,22,37,16.18,105,10.47,2.4916,9141.1,3668.7,171,54,3614.7,8970.1,n/a,n/a,n/a,135.18,0.00,0.00,0.00,0.00,n/a,n/a,n/a,n/a,n/a,n/a,n/a,n/a,n/a,n/a,
Community-11,NO3,9/21/2020,2hr.,Partly Cloudy,13:20,22.1,34,17.02,114.3,10.54,3.7184,18123,4873.9,44,50,4823.9,18079,n/a,n/a,n/a,112.03,0.64,0.00,0.00,641.69,n/a,n/a,n/a,n/a,n/a,n/a,n/a,n/a,n/a,n/a,
Community-12,Urea,9/21/2020,2hr.,Partly Cloudy,13:29,22.1,38,16.37,108.4,10.51,1.0664,2597.5,2435.8,80,49,2386.8,2517.5,n/a,n/a,n/a,134.38,0.00,0.00,465.77,465.01,n/a,n/a,n/a,n/a,n/a,n/a,n/a,n/a,n/a,n/a,
Community-13,NH4,9/21/2020,2hr.,Partly Cloudy,13:34,22.1,36,16.17,103.5,10.42,1.3207,3555.9,2692.4,79,62,2630.4,3476.9,n/a,n/a,n/a,134.74,0.00,741.19,0.00,741.19,n/a,n/a,n/a,n/a,n/a,n/a,n/a,n/a,n/a,n/a,
Community-14,NO3,9/21/2020,2hr.,Partly Cloudy,13:43,22.3,38,16.58,100.8,10.46,3.2794,16522,5038.2,32,49,4989.2,16490,n/a,n/a,n/a,116.75,0.66,0.00,12.97,671.50,n/a,n/a,n/a,n/a,n/a,n/a,n/a,n/a,n/a,n/a,
Community-15,Urea,9/21/2020,2hr.,Partly Cloudy,13:48,22.3,34,16.78,109.7,10.53,1.3217,4014,3036.9,118,55,2981.9,3896,n/a,n/a,n/a,134.60,0.00,0.00,444.65,444.65,n/a,n/a,n/a,n/a,n/a,n/a,n/a,n/a,n/a,n/a,
Community-16,Control,9/21/2020,2hr.,Partly Cloudy,13:58,22.4,38,16.62,108,10.5,1.5759,5898.4,3742.9,122,56,3686.9,5776.4,n/a,n/a,n/a,139.82,0.00,0.00,10.41,10.41,n/a,n/a,n/a,n/a,n/a,n/a,n/a,n/a,n/a,n/a,
Community-17,NH4,9/21/2020,2hr.,Partly Cloudy,14:05,22.3,34,16.45,104.2,10.41,0.6351,1432.4,2255.7,14,49,2206.7,1418.4,n/a,n/a,n/a,137.14,0.00,655.28,8.92,661.68,n/a,n/a,n/a,n/a,n/a,n/a,n/a,n/a,n/a,n/a,
Community-18,NO3,9/21/2020,2hr.,Partly Cloudy,14:14,22.4,33,16.89,113.5,10.52,3.3896,14537,4288.8,62,59,4229.8,14475,n/a,n/a,n/a,114.35,0.68,21.26,8.92,714.85,n/a,n/a,n/a,n/a,n/a,n/a,n/a,n/a,n/a,n/a,
Community-19,Control,9/21/2020,2hr.,Partly Cloudy,14:22,22.2,36,16.82,108.9,10.53,1.4744,4821.5,3270,120,55,3215,4701.5,n/a,n/a,n/a,136.27,0.00,0.00,0.00,0.00,n/a,n/a,n/a,n/a,n/a,n/a,n/a,n/a,n/a,n/a,
Community-20,Urea,9/21/2020,2hr.,Partly Cloudy,14:32,22.4,39,16.85,110.6,10.52,0.8485,3208.3,3781,104,53,3728,3104.3,n/a,n/a,n/a,132.57,0.00,0.00,459.37,459.37,n/a,n/a,n/a,n/a,n/a,n/a,n/a,n/a,n/a,n/a,
Community-21,NH4,9/21/2020,2hr.,Partly Cloudy,14:36,22.4,35,16.71,106.4,10.47,2.5354,12413,4896.1,162,83,4813.1,12251,n/a,n/a,n/a,136.56,0.00,655.10,23.63,678.73,n/a,n/a,n/a,n/a,n/a,n/a,n/a,n/a,n/a,n/a,
Community-22,NO3,9/21/2020,2hr.,Partly Cloudy,14:40,22.4,40,16.79,111,10.51,1.1734,4359.5,3715.2,103,54,3661.2,4256.5,n/a,n/a,n/a,125.16,0.63,0.00,0.00,633.90,n/a,n/a,n/a,n/a,n/a,n/a,n/a,n/a,n/a,n/a,
Community-23,Urea,9/21/2020,2hr.,Partly Cloudy,14:45,22.4,36,17.1,112.4,10.59,1.1008,4208.9,3823.4,43,54,3769.4,4165.9,n/a,n/a,n/a,128.28,0.00,0.00,409.67,409.67,n/a,n/a,n/a,n/a,n/a,n/a,n/a,n/a,n/a,n/a,
Community-24,Control,9/21/2020,2hr.,Partly Cloudy,14:53,22.3,39,16.34,106,10.51,0.4755,1320,2776.1,60,53,2723.1,1260,n/a,n/a,n/a,136.48,0.00,0.00,4.22,4.22,n/a,n/a,n/a,n/a,n/a,n/a,n/a,n/a,n/a,n/a,
Community,Pond,9/21/2020,2hr.,Partly Cloudy,14:56,22.4,33,12.56,89.1,10.14,1.6461,10814,6569.9,19,66,6503.9,10795,n/a,n/a,n/a,18.20,0.00,0.00,0.00,0.00,n/a,n/a,n/a,n/a,n/a,n/a,n/a,n/a,n/a,n/a,
Community-1,NO3,9/22/2020,24hr.,Partly Cloudy,9:52,20.5,39,15.31,101.4,10.22,3.7046,13520,3649.7,8,45,3604.7,13512,2632.15,285.36,9.22,79.41,0.00,0.00,1.66,1.16,69.41,171.87,2.476097284,n/a,n/a,n/a,n/a,n/a,n/a,n/a,
Community-2,NH4,9/22/2020,24hr.,Partly Cloudy,9:44,20.5,40,14.41,93.6,10.16,7.7086,22463,2914,130,56,2858,22333,2294.06,290.25,7.90,88.43,0.45,231.51,6.39,690.73,42.62,53.36,1.252147179,n/a,n/a,n/a,n/a,n/a,n/a,n/a,
Community-3,Control,9/22/2020,24hr.,Partly Cloudy,9:50,20.6,33,15.19,101.2,10.39,3.19,16230,5088,5,43,5045,16225,2015.62,321.26,6.27,82.89,0.00,0.00,15.37,15.37,79.20,215.40,2.719762872,n/a,n/a,n/a,n/a,n/a,n/a,n/a,
Community-4,Urea,9/22/2020,24hr.,Partly Cloudy,9:59,20.6,29,15.1,98.7,10.33,0.54,1372.1,2540.8,37,41,2499.8,1335.1,2447.53,374.10,6.54,115.07,0.00,6.32,20.10,26.42,49.55,6.18,0.124792787,n/a,n/a,n/a,n/a,n/a,n/a,n/a,
Community-5,NH4,9/22/2020,24hr.,Partly Cloudy,10:04,20.6,38,14.77,95.2,10.24,6.3941,25613,4005.7,49,52,3953.7,25564,2538.00,313.39,8.10,80.00,0.00,172.71,0.00,172.71,88.12,142.12,1.612800984,n/a,n/a,n/a,n/a,n/a,n/a,n/a,
Community-6,NO3,9/22/2020,24hr.,Partly Cloudy,10:12,20.6,34,15.67,102.4,10.35,3.6255,12451,3434.5,148,51,3383.5,12303,2275.63,329.14,6.91,103.82,0.00,0.00,0.00,0.00,68.53,101.90,1.486897432,n/a,n/a,n/a,n/a,n/a,n/a,n/a,
Community-7,Control,9/22/2020,24hr.,Partly Cloudy,10:17,20.7,39,15.43,101.8,10.4,0.6553,1299.7,1983.2,34,39,1944.2,1265.7,1689.25,300.51,5.62,72.97,0.00,0.00,4.73,4.73,37.82,2.17,0.057352295,n/a,n/a,n/a,n/a,n/a,n/a,n/a,
Community-8,Urea,9/22/2020,24hr.,Partly Cloudy,10:22,20.7,36,15.78,104.2,10.43,6.6865,31710,4742.5,12,46,4696.5,31698,2752.11,325.68,8.45,81.18,0.00,74.05,166.43,240.48,91.73,174.74,1.904861554,n/a,n/a,n/a,n/a,n/a,n/a,n/a,
Community-9,NH4,9/22/2020,24hr.,Partly Cloudy,10:33,20.8,34,15.02,98.3,10.34,6.2498,27718,4435.1,63,58,4377.1,27655,2706.21,321.38,8.42,83.85,0.00,157.27,0.00,157.27,81.23,153.50,1.889695567,n/a,n/a,n/a,n/a,n/a,n/a,n/a,
Community-10,Control,9/22/2020,24hr.,Partly Cloudy,10:39,20.8,35,15.33,101.3,10.43,2.6387,11688,4429.7,10,43,4386.7,11678,1978.09,282.02,7.01,95.83,0.00,0.00,8.99,8.99,84.50,206.55,2.44423409,n/a,n/a,n/a,n/a,n/a,n/a,n/a,
Community-11,NO3,9/22/2020,24hr.,Partly Cloudy,10:44,20.8,39,15.87,106.1,10.44,3.4785,20180,5801.4,9,42,5759.4,20171,2861.34,342.02,8.37,89.54,0.00,0.00,1.66,1.66,92.69,229.99,2.481244339,n/a,n/a,n/a,n/a,n/a,n/a,n/a,
Community-12,Urea,9/22/2020,24hr.,Partly Cloudy,10:54,20.8,40,15.25,102.8,10.41,3.354,15724,4688.3,12,43,4645.3,15712,2472.99,350.61,7.05,89.69,0.00,0.00,216.54,216.54,74.03,176.31,2.38166253,n/a,n/a,n/a,n/a,n/a,n/a,n/a,
Community-13,NH4,9/22/2020,24hr.,Partly Cloudy,10:59,20.9,37,14.78,98.2,10.33,5.0362,20488,4068.2,214,64,4004.2,20274,2816.11,319.36,8.82,104.49,0.00,215.30,3.32,218.62,71.32,28.05,0.393327388,n/a,n/a,n/a,n/a,n/a,n/a,n/a,
Community-14,NO3,9/22/2020,24hr.,Partly Cloudy,11:09,20.9,33,15.84,105.3,10.44,5.3119,26999,5080.8,26,45,5035.8,26973,2713.24,210.94,12.86,97.31,0.00,0.00,0.00,0.00,95.94,249.24,2.597809121,n/a,n/a,n/a,n/a,n/a,n/a,n/a,
Community-15,Urea,9/22/2020,24hr.,Partly Cloudy,11:14,21,37,15.58,103.1,10.45,2.4737,12492,5049.9,6,40,5009.9,12486,2589.93,311.84,8.31,91.25,0.00,0.00,227.18,227.18,78.04,222.55,2.851615888,n/a,n/a,n/a,n/a,n/a,n/a,n/a,
Community-16,Control,9/22/2020,24hr.,Partly Cloudy,11:24,21,34,15.52,103.2,10.47,3.2508,13611,4187,25,48,4139,13586,2005.90,320.55,6.26,84.59,0.00,0.00,8.99,8.99,80.73,163.62,2.02676794,n/a,n/a,n/a,n/a,n/a,n/a,n/a,
Community-17,NH4,9/22/2020,24hr.,Partly Cloudy,11:35,21.1,38,14.89,97.7,10.28,3.2977,12966,3937.9,153,69,3868.9,12813,2687.78,334.03,8.05,110.93,0.00,262.39,0.00,262.39,62.49,25.72,0.411564151,n/a,n/a,n/a,n/a,n/a,n/a,n/a,
Community-18,NO3,9/22/2020,24hr.,Partly Cloudy,11:45,21.1,32,16.22,108.1,10.49,6.4415,25283,3925.1,21,55,3870.1,25262,2783.61,332.60,8.37,95.09,0.01,0.57,1.90,13.59,99.76,269.38,2.700143187,n/a,n/a,n/a,n/a,n/a,n/a,n/a,
Community-19,Control,9/22/2020,24hr.,Partly Cloudy,11:55,21.1,35,15.33,102.3,10.46,2.0128,9147,4544.3,5,44,4500.3,9142,1726.11,306.48,5.63,79.63,0.00,0.00,0.00,0.00,72.52,153.10,2.111115464,n/a,n/a,n/a,n/a,n/a,n/a,n/a,
Community-20,Urea,9/22/2020,24hr.,Partly Cloudy,12:04,21.2,33,15.74,104.6,10.46,3.6098,15722,4355.5,15,46,4309.5,15707,2642.88,379.23,6.97,91.62,0.00,0.00,256.02,256.02,98.65,244.24,2.475898673,n/a,n/a,n/a,n/a,n/a,n/a,n/a,
Community-21,NH4,9/22/2020,24hr.,Partly Cloudy,12:09,21.3,30,15.34,101.2,10.4,3.1074,15142,4872.9,293,75,4797.9,14849,2894.18,347.98,8.32,124.99,0.05,201.39,21.99,270.10,95.63,23.41,0.244854127,n/a,n/a,n/a,n/a,n/a,n/a,n/a,
Community-22,NO3,9/22/2020,24hr.,Partly Cloudy,12:14,21.2,33,16.07,104.2,10.45,2.0031,13398,6688.6,16,51,6637.6,13382,2951.48,322.58,9.15,84.96,0.00,0.00,0.00,0.00,88.57,244.55,2.761205047,n/a,n/a,n/a,n/a,n/a,n/a,n/a,
Community-23,Urea,9/22/2020,24hr.,Partly Cloudy,12:19,21.3,35,16.07,105.3,10.5,2.2124,14673,6632.4,12,49,6583.4,14661,2381.52,310.77,7.66,85.25,0.00,0.00,178.25,178.25,108.20,296.82,2.743134019,n/a,n/a,n/a,n/a,n/a,n/a,n/a,
Community-24,Control,9/22/2020,24hr.,Partly Cloudy,12:28,21.3,36,15.14,101.1,10.46,1.7012,7732.7,4545.3,13,48,4497.3,7719.7,1822.28,331.64,5.49,93.84,0.00,0.00,5.44,5.44,68.62,155.92,2.272223478,n/a,n/a,n/a,n/a,n/a,n/a,n/a,
Community,Pond,9/22/2020,24hr.,Partly Cloudy,12:30,21.3,34,11.67,88.1,10.11,2.0288,12030,5929.6,53,57,5872.6,11977,1967.70,237.54,8.28,25.03,0.00,0.00,12.30,12.30,81.57,202.65,2.48421573,n/a,n/a,n/a,n/a,n/a,n/a,n/a,
Community-1,NO3,9/23/2020,48hr.,Partly Cloudy,9:19,21.1,37,15.93,106.4,10.46,4.1877,17245,4118.1,12,46,4072.1,17233,2312.99,237.19,9.75,71.50,0.00,5.03,18.92,23.95,69.55,164.76,2.368789276,n/a,n/a,n/a,n/a,n/a,n/a,n/a,
Community-2,NH4,9/23/2020,48hr.,Partly Cloudy,9:24,21.1,35,14.78,95.8,10.35,5.8898,20259,3439.7,13,49,3390.7,20246,2075.46,265.61,7.81,67.18,0.00,34.06,55.62,89.68,67.15,196.46,2.925756019,n/a,n/a,n/a,n/a,n/a,n/a,n/a,
Community-3,Control,9/23/2020,48hr.,Partly Cloudy,9:28,21.1,32,15.15,102.8,10.51,2.1428,13201,6160.7,10,46,6114.7,13191,1961.82,281.08,6.98,76.99,0.00,15.63,50.41,66.04,85.77,190.09,2.216427983,n/a,n/a,n/a,n/a,n/a,n/a,n/a,
Community-4,Urea,9/23/2020,48hr.,Partly Cloudy,9:36,21.2,29,16.25,108.7,10.57,3.9259,29792,7588.6,30,50,7538.6,29762,2579.01,319.34,8.08,66.23,0.00,15.66,38.52,54.19,122.10,467.34,3.827520222,n/a,n/a,n/a,n/a,n/a,n/a,n/a,
Community-5,NH4,9/23/2020,48hr.,Partly Cloudy,9:41,21.2,34,15.31,98.5,10.4,1.4977,11963,7933.3,16,47,7886.3,11947,2343.40,278.20,8.42,50.56,0.00,11.37,23.30,34.66,97.97,214.74,2.191979582,n/a,n/a,n/a,n/a,n/a,n/a,n/a,
Community-6,NO3,9/23/2020,48hr.,Partly Cloudy,9:46,21.1,35,16.39,108.7,10.55,3.0083,16681,5544.9,13,47,5497.9,16668,2640.15,340.81,7.75,75.67,0.00,10.24,45.20,55.43,80.49,209.00,2.596682191,n/a,n/a,n/a,n/a,n/a,n/a,n/a,
Community-7,Control,9/23/2020,48hr.,Partly Cloudy,9:51,21.2,38,15.06,101.1,10.47,2.7819,10716,3852,24,46,3806,10692,1650.66,305.31,5.41,75.01,0.00,14.54,30.81,45.34,52.04,100.25,1.926521693,n/a,n/a,n/a,n/a,n/a,n/a,n/a,
Community-8,Urea,9/23/2020,48hr.,Partly Cloudy,9:56,21.2,30,16.22,107.5,10.55,2.4057,19933,8286.1,11,49,8237.1,19922,2465.37,355.80,6.93,62.57,0.00,9.73,24.97,34.69,115.10,365.56,3.17592542,n/a,n/a,n/a,n/a,n/a,n/a,n/a,
Community-9,NH4,9/23/2020,48hr.,Partly Cloudy,10:02,21.2,34,15.42,101.3,10.41,2.9715,20291,6828.6,21,484,6344.6,20270,2504.74,269.09,9.31,68.20,0.01,12.86,49.57,68.07,101.25,292.46,2.888570692,n/a,n/a,n/a,n/a,n/a,n/a,n/a,
Community-10,Control,9/23/2020,48hr.,Partly Cloudy,10:07,21.2,37,14.99,100.7,10.47,1.6017,8086.5,5048.7,36,89,4959.7,8050.5,1909.32,324.62,5.88,70.77,0.12,10.78,31.64,162.74,95.56,171.59,1.795710054,n/a,n/a,n/a,n/a,n/a,n/a,n/a,
Community-11,NO3,9/23/2020,48hr.,Partly Cloudy,10:13,21.2,37,16.26,110.5,10.58,2.4153,16359,6773.4,4,44,6729.4,16355,2348.52,259.14,9.06,83.44,0.00,18.43,36.85,55.29,83.84,288.66,3.443063543,n/a,n/a,n/a,n/a,n/a,n/a,n/a,
Community-12,Urea,9/23/2020,48hr.,Partly Cloudy,10:18,21.2,39,15.52,104.5,10.54,2.5085,14694,5857.6,10,44,5813.6,14684,2140.45,307.83,6.95,72.67,0.00,19.38,70.85,90.23,87.81,251.07,2.859107937,n/a,n/a,n/a,n/a,n/a,n/a,n/a,
Community-13,NH4,9/23/2020,48hr.,Partly Cloudy,10:24,21.3,34,15.07,100.1,10.42,1.7336,13912,8025.3,13,46,7979.3,13899,2599.82,288.04,9.03,69.38,0.00,21.57,54.79,76.35,109.65,322.45,2.940777126,n/a,n/a,n/a,n/a,n/a,n/a,n/a,
Community-14,NO3,9/23/2020,48hr.,Partly Cloudy,10:28,21.3,31,16.24,109,10.55,1.3508,11931,8833,9,38,8795,11922,2429.51,292.96,8.29,84.83,0.00,20.66,36.64,57.30,103.21,189.55,1.83652634,n/a,n/a,n/a,n/a,n/a,n/a,n/a,
Community-15,Urea,9/23/2020,48hr.,Partly Cloudy,10:33,21.3,31,15.81,104.4,10.53,2.565,16082,6270,8,43,6227,16074,2237.12,290.32,7.71,78.09,0.00,23.39,71.26,94.65,93.26,224.52,2.407424603,n/a,n/a,n/a,n/a,n/a,n/a,n/a,
Community-16,Control,9/23/2020,48hr.,Partly Cloudy,10:37,21.3,35,14.97,101.5,10.48,1.1947,8606.7,7203.8,7,88,7115.8,8599.7,1932.69,299.19,6.46,76.99,0.00,19.56,21.00,40.57,81.66,129.40,1.58452702,n/a,n/a,n/a,n/a,n/a,n/a,n/a,
Community-17,NH4,9/23/2020,48hr.,Partly Cloudy,10:41,21.3,36,14.83,97.8,10.33,4.4807,20974,4681,26,54,4627,20948,2477.85,271.85,9.11,79.19,0.00,82.62,37.69,120.31,87.08,218.18,2.505368575,n/a,n/a,n/a,n/a,n/a,n/a,n/a,
Community-18,NO3,9/23/2020,48hr.,Partly Cloudy,10:45,21.3,28,16.52,111.6,10.54,1.9345,15359,7939.4,8,44,7895.4,15351,2433.99,292.24,8.33,83.00,0.00,16.14,13.70,29.84,88.10,287.88,3.267795099,n/a,n/a,n/a,n/a,n/a,n/a,n/a,
Community-19,Control,9/23/2020,48hr.,Partly Cloudy,10:49,21.3,37,14.54,99,10.4,1.0813,7718.5,7138,4,42,7096,7714.5,1607.45,286.24,5.62,83.07,0.00,16.47,44.15,60.62,62.97,128.88,2.046566278,n/a,n/a,n/a,n/a,n/a,n/a,n/a,
Community-20,Urea,9/23/2020,48hr.,Partly Cloudy,10:53,21.4,33,15.85,105.6,10.47,2.1906,15216,6946.3,9,45,6901.3,15207,2232.32,303.87,7.35,77.65,0.00,18.40,79.19,97.59,86.72,279.55,3.223640639,n/a,n/a,n/a,n/a,n/a,n/a,n/a,
Community-21,NH4,9/23/2020,48hr.,Partly Cloudy,10:58,21.4,28,15.28,101.6,10.39,2.2863,21532,9418.5,17,48,9370.5,21515,3085.44,326.53,9.45,72.74,0.00,18.40,26.43,44.82,115.05,397.35,3.453749664,n/a,n/a,n/a,n/a,n/a,n/a,n/a,
Community-22,NO3,9/23/2020,48hr.,Partly Cloudy,11:02,21.3,34,16.18,106.4,10.45,1.8778,13149,7002.4,10,45,6957.4,13139,2366.13,350.52,6.75,78.75,0.00,17.01,79.81,96.83,89.14,245.70,2.756185625,n/a,n/a,n/a,n/a,n/a,n/a,n/a,
Community-23,Urea,9/23/2020,48hr.,Partly Cloudy,11:06,21.4,29,16.24,106.5,10.5,1.8869,15274,8095.3,15,47,8048.3,15259,2993.24,366.11,8.18,70.55,0.00,19.27,39.15,58.42,101.83,303.88,2.984123928,n/a,n/a,n/a,n/a,n/a,n/a,n/a,
Community-24,Control,9/23/2020,48hr.,Partly Cloudy,11:10,21.5,39,14.33,97.8,10.35,1.1182,6758.3,6044.2,8,48,5996.2,6750.3,1753.10,312.14,5.62,90.76,0.00,18.43,53.54,71.97,66.65,123.58,1.854209571,n/a,n/a,n/a,n/a,n/a,n/a,n/a,
Community,Pond,9/23/2020,48hr.,Partly Cloudy,11:13,21.5,37,11,83.9,9.99,1.3079,8409.9,6430,8,52,6378,8401.9,1841.78,268.01,6.87,13.21,0.00,34.94,18.08,53.02,78.75,167.99,2.133210253,n/a,n/a,n/a,n/a,n/a,n/a,n/a,
Community-1,NO3,9/24/2020,72hr.,Raining,9:22,21.9,40,15.56,109.5,10.4,1.0563,6543.5,6194.7,5,42,6152.7,6538.5,2290.26,285.76,8.01,52.90,0.00,31.37,43.96,75.32,65.70,108.39,1.649928252,1.535,n/a,n/a,111530.99,104210.33,1.040139176,0.59,
Community-2,NH4,9/24/2020,72hr.,Raining,9:28,21.9,39,15.17,100.1,10.2,1.8052,12474,6910.2,7,43,6867.2,12467,2067.78,293.79,7.04,44.26,0.00,38.40,50.55,88.95,94.88,226.82,2.390506335,1.576,n/a,n/a,130300.47,123558.84,1.83570319,0.73,
Community-3,Control,9/24/2020,72hr.,Raining,9:33,21.9,40,14.35,100.5,10.36,1.01,7501.7,7427.4,5,43,7384.4,7496.7,1809.44,369.95,4.89,69.52,0.00,36.17,42.16,78.33,86.72,73.40,0.84647503,1.110,n/a,n/a,70138.6,57854.78,1.268776338,1.24,
Community-4,Urea,9/24/2020,72hr.,Raining,9:39,21.9,29,15.33,108.7,10.46,1.8543,19979,10775,9,49,10726,19970,2569.08,284.56,9.03,39.94,0.00,34.79,36.16,70.95,157.47,301.41,1.914123024,1.958,n/a,n/a,98926.37,88917.34,3.389820659,1.59,
Community-5,NH4,9/24/2020,72hr.,Raining,9:44,21.9,36,15.51,102.8,10.36,1.9164,13703,7150.9,7,46,7104.9,13696,2188.14,306.87,7.13,33.49,0.00,41.09,54.55,95.64,102.64,271.73,2.647475204,1.730,n/a,n/a,98094.45,90442.91,3.004410008,1.05,
Community-6,NO3,9/24/2020,72hr.,Raining,9:50,21.8,34,16.04,112.4,10.49,1.2011,9553.1,7953.3,4,44,7909.3,9549.1,2232.64,352.68,6.33,59.20,0.00,56.32,36.16,92.48,90.39,131.48,1.454569287,1.712,n/a,n/a,57544.27,46377.16,2.835069126,1.57,
Community-7,Control,9/24/2020,72hr.,Raining,9:55,21.8,38,13.9,96.8,10.32,0.7633,5350,7008.8,49,45,6963.8,5301,1616.73,348.96,4.63,71.28,0.00,50.38,39.56,89.94,64.04,44.52,0.695223227,1.152,n/a,n/a,67958.26,59562.25,0.747476483,0.94,
Community-8,Urea,9/24/2020,72hr.,Raining,10:00,21.8,29,16.05,111.2,10.48,1.462,15043,10289,10,46,10243,15033,2407.42,277.36,8.68,46.16,0.00,50.71,36.76,87.47,126.32,275.21,2.178688415,2.238,n/a,n/a,90955.28,85289.00,3.226784259,1.39,
Community-9,NH4,9/24/2020,72hr.,Raining,10:09,21.8,38,15.32,104.4,10.38,1.7775,16731,9412.9,13,49,9363.9,16718,2442.96,286.60,8.52,43.60,0.00,52.49,33.17,85.66,127.15,371.29,2.920156678,1.071,n/a,n/a,83983.59,68349.64,5.432268489,1.51,
Community-10,Control,9/24/2020,72hr.,Raining,10:14,21.8,38,13.86,97.1,10.32,0.5937,3369.1,5675.2,5,44,5631.2,3364.1,1830.89,340.57,5.38,58.68,0.00,51.07,60.54,111.61,74.55,86.02,1.15389891,1.962,n/a,n/a,52288.3,46539.31,1.848285953,1.43,
Community-11,NO3,9/24/2020,72hr.,Raining,10:19,21.8,40,15.42,111.5,10.4,1.3915,10597,7616.1,6,43,7573.1,10591,2071.30,353.04,5.87,71.21,0.00,44.52,46.35,90.87,91.67,190.57,2.078875331,1.638,n/a,n/a,100021.89,91170.92,2.090207475,0.92,
Community-12,Urea,9/24/2020,72hr.,Raining,10:24,21.8,38,15.25,106.8,10.45,1.2298,10848,8821.4,8,44,8777.4,10840,2057.22,377.86,5.44,53.85,0.00,34.39,38.96,73.35,93.26,287.09,3.078405887,2.004,n/a,n/a,76408.19,68673.94,4.180546397,1.22,
Community-13,NH4,9/24/2020,72hr.,Raining,10:30,21.8,39,15.16,103.3,10.4,1.6915,13673,8083.5,9,47,8036.5,13664,2379.89,347.04,6.86,39.28,0.00,33.04,36.16,69.20,111.26,246.07,2.211769492,1.549,n/a,n/a,74970.07,64340.64,3.824558731,1.48,
Community-14,NO3,9/24/2020,72hr.,Raining,10:34,21.8,31,15.46,110.2,10.48,1.366,13956,10217,14,48,10169,13942,2155.17,391.66,5.50,64.62,0.02,32.09,24.97,74.83,110.41,203.82,1.846024873,1.394,n/a,n/a,99411.37,90767.21,2.245517895,1.11,
Community-15,Urea,9/24/2020,72hr.,Raining,10:38,21.8,38,15.47,106.2,10.5,1.4419,12217,8472.6,19,46,8426.6,12198,2119.96,352.92,6.01,55.68,0.00,30.60,27.17,57.77,106.20,206.71,1.94652096,1.541,n/a,n/a,67629.24,60804.90,3.399590869,1.57,
Community-16,Control,9/24/2020,72hr.,Raining,10:44,21.8,38,13.7,97,10.33,0.9834,6904.9,7021.4,8,41,6980.4,6896.9,1681.72,259.14,6.49,56.41,0.00,31.88,30.57,62.44,79.59,47.71,0.599394198,1.932,n/a,n/a,59402.16,46663.39,1.022340957,1.34,
Community-17,NH4,9/24/2020,72hr.,Raining,10:48,21.8,33,14.74,100.1,10.33,1.6596,15288,9212.5,5,46,9166.5,15283,2333.16,404.85,5.76,44.33,0.00,32.97,37.56,70.53,106.19,254.95,2.400769281,0.990,n/a,n/a,93929.47,81397.49,3.132122444,1.13,
Community-18,NO3,9/24/2020,72hr.,Raining,10:53,21.8,34,15.81,113.1,10.51,1.1235,9338,8311.5,8,43,8268.5,9330,2170.54,372.59,5.83,65.64,0.00,31.40,39.16,70.56,58.70,165.51,2.819476006,1.932,n/a,n/a,76118.67,69046.17,2.397035697,0.77,
Community-19,Control,9/24/2020,72hr.,Raining,10:57,21.8,40,13.21,93.9,10.28,0.9152,4227,4618.5,11,45,4573.5,4216,1360.32,254.94,5.34,61.39,0.00,32.57,61.74,94.31,64.24,99.69,1.551806824,0.990,n/a,n/a,50939.48,42212.59,2.361654815,1.26,
Community-20,Urea,9/24/2020,72hr.,Raining,11:01,21.8,35,15.48,107.6,10.49,1.3461,11188,8311.5,5,40,8271.5,11183,2008.88,375.71,5.35,53.85,0.00,30.89,34.76,65.66,107.63,256.48,2.383059148,2.111,n/a,n/a,72136,62912.80,4.076726973,1.49,
Community-21,NH4,9/24/2020,72hr.,Raining,11:06,21.8,33,14.94,103.1,10.39,2.2118,20693,9355.7,8,45,9310.7,20685,2603.34,372.59,6.99,47.26,0.00,37.67,27.77,65.44,144.97,474.57,3.273553961,2.171,n/a,n/a,106932.25,91753.25,5.172217431,1.36,
Community-22,NO3,9/24/2020,72hr.,Raining,11:10,21.8,34,15.35,107.4,10.42,1.6471,8335.4,5060.5,11,47,5013.5,8324.4,2387.58,367.43,6.50,70.55,0.00,34.75,28.97,63.72,85.86,171.25,1.994489146,1.235,n/a,n/a,82050.39,76053.24,2.251760138,1.05,
Community-23,Urea,9/24/2020,72hr.,Raining,11:15,21.8,33,15.76,107.8,10.44,1.5572,13723,8812.9,88,44,8768.9,13635,2160.29,336.61,6.42,55.83,0.00,29.76,52.35,82.11,112.52,303.87,2.700548243,2.504,n/a,n/a,49141.26,42771.87,7.104429787,2.29,
Community-24,Control,9/24/2020,72hr.,Raining,11:19,21.8,43,13.07,90.9,10.23,0.8515,6171.7,7248.2,7,38,7210.2,6164.7,1530.94,290.80,5.26,43.82,0.00,25.76,37.76,63.52,56.49,100.82,1.784600685,1.054,n/a,n/a,51315.42,45566.43,2.212506579,1.1,
Community,Pond,9/24/2020,72hr.,Raining,11:22,21.9,38,9.6,79.8,9.79,1.0342,7911.6,7650.1,6,45,7605.1,7905.6,1644.90,285.16,5.77,14.31,0.00,32.42,34.16,66.59,70.92,178.42,2.51583174,1.122,n/a,n/a,n/a,n/a,n/a,n/a,
Community-1,NO3,9/28/2020,1week,Partly Cloudy,9:07,24.1,43,11.07,84.6,10.03,1.1207,5223.3,4660.8,9,33,4627.8,5214.3,2299.54,314.82,7.30,54.68,0.00,0.00,81.44,81.44,51.02,69.61,1.364239418,0.718,0.00,4.32,57014.00,55070,1.26,0.89,
Community-2,NH4,9/28/2020,1week,Partly Cloudy,9:13,24.1,38,14.75,104.8,10.42,1.9111,11895,6224.4,9,41,6183.4,11886,2106.85,242.41,8.69,30.21,0.00,0.00,39.76,39.76,69.26,184.88,2.669415719,1.691,0.00,3.49,77062.34,76028,2.43,0.90,
Community-3,Control,9/28/2020,1week,Partly Cloudy,9:18,24.1,41,9.94,75.6,9.89,1.1361,8920.2,7851.5,14,39,7812.5,8906.2,1809.20,269.25,6.72,47.25,0.00,0.00,22.76,22.76,84.16,138.35,1.644005658,0.662,0.00,3.92,49870.71,41847,3.31,1.69,
Community-4,Urea,9/28/2020,1week,Partly Cloudy,9:23,24.1,34,14.12,107,10.48,2.1432,21848,10194,13,144,10050,21835,2464.35,309.22,7.97,29.85,0.00,0.00,20.60,20.60,152.97,470.39,3.075056176,1.659,0.00,1.73,109734.63,106839,4.40,1.39,
Community-5,NH4,9/28/2020,1week,Partly Cloudy,9:29,24.2,38,14.76,105.5,10.44,1.9948,13776,6906,9,36,6870,13767,2268.53,284.76,7.97,36.13,0.00,0.00,0.00,0.00,108.76,253.77,2.333232638,1.839,0.00,3.66,111359.38,107017,2.37,0.98,
Community-6,NO3,9/28/2020,1week,Partly Cloudy,9:34,24.2,39,11.41,86,10.17,1.0967,6429,5861.9,4,33,5828.9,6425,2350.62,276.89,8.49,60.31,0.00,0.00,13.89,13.89,75.13,117.22,1.560275153,0.988,0.00,1.73,41520.79,38915,3.01,1.81,
Community-7,Control,9/28/2020,1week,Partly Cloudy,9:40,24.2,57,9.64,74.2,9.81,0.9528,4765.2,5001.1,10,34,4967.1,4755.2,1452.95,349.42,4.16,65.51,0.00,0.00,0.00,0.00,55.93,58.31,1.042549773,0.651,0.00,3.40,50645.23,43780,1.33,1.10,
Community-8,Urea,9/28/2020,1week,Partly Cloudy,9:47,24.2,30,12.47,91.6,10.32,1.6131,14250,8834.1,6,36,8798.1,14244,2390.09,332.84,7.18,41.62,0.00,0.00,30.18,30.18,126.29,190.76,1.510472481,1.583,0.00,3.67,122057.75,117880,1.62,1.03,
Community-9,NH4,9/28/2020,1week,Partly Cloudy,9:52,24.2,31,14.73,107.5,10.52,2.315,17253,7452.9,9,39,7413.9,17244,2437.41,321.03,7.59,32.30,0.00,0.00,0.00,0.00,107.10,374.65,3.497963807,1.576,0.00,3.62,122319.49,121286,3.09,0.88,
Community-10,Control,9/28/2020,1week,Partly Cloudy,9:57,24.2,45,9.73,74.4,9.84,1.0829,5820.1,5374.3,30,36,5338.3,5790.1,1603.97,309.57,5.18,67.96,0.00,0.00,2.87,2.87,61.56,73.33,1.191248802,0.584,0.00,1.73,32199.02,29511,2.48,1.91,
Community-11,NO3,9/28/2020,1week,Partly Cloudy,10:02,24.3,47,10.89,84.4,10.14,1.1692,7893.4,6751.2,11,35,6716.2,7882.4,2370.04,312.08,7.59,65.51,0.00,0.00,16.53,16.53,83.07,131.56,1.583807458,0.878,0.00,4.26,82366.66,78479,1.68,1.01,
Community-12,Urea,9/28/2020,1week,Partly Cloudy,10:07,24.3,41,13.15,95.8,10.4,1.7163,10362,6037.8,9,34,6003.8,10353,1855.57,265.91,6.98,52.73,0.00,0.00,0.00,0.00,85.84,152.38,1.775121314,1.458,0.00,4.23,91129.15,86910,1.75,0.94,
Community-13,NH4,9/28/2020,1week,Partly Cloudy,10:13,24.3,32,15.18,108.7,10.54,2.1688,15200,7008.8,12,40,6968.8,15188,2577.15,338.32,7.62,29.42,0.00,0.00,0.00,0.00,128.56,349.28,2.716886839,1.685,0.00,3.88,117113.93,113061,3.09,1.10,
Community-14,NO3,9/28/2020,1week,Partly Cloudy,10:18,24.3,36,11.15,83.9,10.14,1.4263,10742,7531.4,8,35,7496.4,10734,2069.88,347.75,5.95,61.90,0.00,0.00,0.00,0.00,72.05,174.15,2.417151595,1.170,0.00,4.44,102449.36,95666,1.82,0.70,
Community-15,Urea,9/28/2020,1week,Partly Cloudy,10:24,24.4,38,12.74,89.8,10.32,1.5416,10471,6792.5,9,39,6753.5,10462,1992.49,302.18,6.59,46.24,0.00,0.00,17.49,17.49,76.95,178.57,2.320589577,1.690,0.00,1.73,108075.10,103939,1.72,0.71,
Community-16,Control,9/28/2020,1week,Partly Cloudy,10:29,24.4,50,9.52,73.9,9.81,0.9117,4936.2,5414.5,4,34,5380.5,4932.2,1516.24,308.98,4.91,75.33,0.00,0.00,0.00,0.00,62.17,65.64,1.055701221,0.729,0.00,1.73,45757.79,40381,1.63,1.36,
Community-17,NH4,9/28/2020,1week,Partly Cloudy,10:35,24.4,37,15.23,105,10.48,1.9859,15415,7762.5,8,39,7723.5,15407,2398.24,316.49,7.58,33.10,0.00,0.00,6.23,6.23,122.44,371.82,3.036721876,1.896,0.00,1.76,123109.64,114962,3.23,0.99,
Community-18,NO3,9/28/2020,1week,Partly Cloudy,10:40,24.4,34,11.5,85.7,10.21,1.5844,13012,8213,7,35,8178,13005,2159.80,341.54,6.32,67.53,0.00,0.00,7.43,7.43,88.66,228.37,2.575691349,1.367,0.00,4.01,101324.21,94045,2.43,0.88,
Community-19,Control,9/28/2020,1week,Partly Cloudy,10:45,24.5,55,9.42,73.3,9.81,1.726,5920.6,3430.2,8,37,3393.2,5912.6,1493.99,284.88,5.24,74.68,0.00,0.00,24.91,24.91,51.18,50.25,0.981838103,0.514,0.00,3.89,42678.45,34861,1.44,1.20,
Community-20,Urea,9/28/2020,1week,Partly Cloudy,10:50,24.5,37,12.5,89.2,10.3,1.7765,13526,7614,7,39,7575,13519,2035.41,307.90,6.61,52.44,0.00,0.00,18.44,18.44,90.01,238.56,2.650467754,1.803,0.00,4.46,87508.84,81884,2.91,1.03,
Community-21,NH4,9/28/2020,1week,Partly Cloudy,10:55,24.6,28,15,106.8,10.49,1.8296,18185,9939.8,12,41,9898.8,18173,2648.90,352.64,7.51,28.05,0.00,0.00,3.11,3.11,146.41,438.61,2.995691158,1.856,0.00,3.76,118677.16,111232,3.94,1.23,
Community-22,NO3,9/28/2020,1week,Partly Cloudy,11:00,24.5,49,11.49,84.7,10.19,1.3177,9914.7,7523.9,10,36,7487.9,9904.7,2404.19,315.30,7.63,67.89,0.00,0.00,45.03,45.03,77.08,131.55,1.706754243,1.217,0.00,3.71,92980.46,87397,1.51,0.83,
Community-23,Urea,9/28/2020,1week,Partly Cloudy,11:05,24.6,37,13.2,93.6,10.4,1.3498,10434,7730.6,7,34,7696.6,10427,2095.26,312.08,6.71,50.71,0.00,0.00,0.00,0.00,99.58,184.41,1.851908466,1.184,0.00,4.38,115923.97,108314,1.70,0.86,
Community-24,Control,9/28/2020,1week,Partly Cloudy,11:11,24.6,55,9.53,73.4,9.81,0.9756,6059.2,6210.5,9,34,6176.5,6050.2,1531.28,335.46,4.56,81.97,0.00,0.00,20.84,20.84,68.50,80.36,1.173145268,0.459,0.00,3.58,39902.21,33078,2.43,1.72,
Community,Pond,9/28/2020,1week,Partly Cloudy,11:13,24.4,38,9.24,72,9.67,0.972,8749.2,9001.6,11,45,8956.6,8738.2,1551.02,244.80,6.34,26.24,0.00,0.00,1.44,1.44,73.98,153.90,2.080285781,0.398,0.00,4.84,n/a,76533,2.01,n/a,
Community-1,NO3,10/5/2020,2week,Sunny,9:12,20.4,56,10.21,81,9.57,0.5203,4912,9440.4,9,32,9408.4,4903,2346.26,183.65,12.78,38.66,0.00,0.00,29.70,29.70,48.26,36.80,0.762407271,0.139,0.00,3.75,48311.19,46698,0.79,1.00,
Community-2,NH4,10/5/2020,2week,Sunny,9:17,20.5,33,10.53,88.1,10.01,2.3083,11296,4894,17,32,4862,11279,2346.57,226.29,10.37,22.27,0.00,0.00,32.23,32.23,94.87,91.14,0.960769172,0.501,0.00,2.89,84567.57,84154,1.08,1.12,
Community-3,Control,10/5/2020,2week,Sunny,9:23,20.5,55,10.42,79.4,9.7,0.4377,5623.3,12848,13,33,12815,5610.3,1718.43,271.45,6.33,33.03,0.00,0.00,37.07,37.07,70.82,33.30,0.470240995,0.120,3.73,2.79,61928.19,60481,0.55,1.14,
Community-4,Urea,10/5/2020,2week,Sunny,9:29,20.5,29,10.49,85.3,10.05,2.6698,12956,4852.7,27,31,4821.7,12929,2220.38,215.50,10.30,88.90,0.00,0.00,42.97,42.97,88.59,118.26,1.335008349,0.545,0.00,2.68,102563.97,100206,1.18,0.86,
Community-5,NH4,10/5/2020,2week,Sunny,9:34,20.5,37,10.11,84.6,9.97,2.3919,11186,4676.7,8,29,4647.7,11178,2251.38,217.22,10.36,21.55,0.00,0.00,49.28,49.28,85.16,80.06,0.94016289,0.505,0.00,2.89,104286.47,102963,0.78,0.82,
Community-6,NO3,10/5/2020,2week,Sunny,9:39,20.5,50,10,80.3,9.69,0.6532,5498.8,8418.6,4,29,8389.6,5494.8,2055.99,228.71,8.99,55.33,0.00,0.00,65.70,65.70,60.46,37.64,0.622441758,0.202,0.00,2.55,69832.01,68426,0.55,0.87,
Community-7,Control,10/5/2020,2week,Sunny,9:45,20.5,55,10.32,78.1,9.66,1.3216,12783,9672.5,7,31,9641.5,12776,1468.87,265.70,5.53,49.92,0.00,0.00,14.12,14.12,57.38,22.48,0.391788556,0.082,0.00,1.73,38982.42,33564,0.67,1.47,
Community-8,Urea,10/5/2020,2week,Sunny,9:51,20.5,30,9.83,78.9,9.73,1.0758,10509,9769,7,31,9738,10502,2475.27,267.92,9.24,38.22,0.00,0.00,39.18,39.18,113.66,113.78,1.001109794,0.862,0.00,2.85,102401.41,95991,1.19,1.11,
Community-9,NH4,10/5/2020,2week,Sunny,9:56,20.5,40,10.4,88.9,10.1,3.2955,12984,3940,5,28,3912,12979,2169.34,249.77,8.69,20.90,0.00,0.00,20.86,20.86,95.55,130.02,1.360783658,0.509,0.00,1.73,93379.45,90153,1.44,1.02,
Community-10,Control,10/5/2020,2week,Sunny,10:02,20.5,53,10.43,77.7,9.62,0.2816,4361.6,15486,0,28,15458,4361.6,1559.99,266.21,5.86,54.54,0.00,0.00,24.23,24.23,66.60,34.60,0.519487632,0.135,0.00,1.73,38688.17,35834,0.97,1.72,
Community-11,NO3,10/5/2020,2week,Sunny,10:07,20.6,41,9.89,80,9.63,0.6618,5747.8,8684.7,3,27,8657.7,5744.8,2296.78,238.18,9.64,63.99,0.00,0.00,26.12,26.12,66.38,73.54,1.10791147,0.180,14.14,1.73,48550.91,45077,1.63,1.37,
Community-12,Urea,10/5/2020,2week,Sunny,10:13,20.6,44,10.31,82.3,9.89,0.8333,5760,6912.3,5,32,6880.3,5755,1829.59,213.39,8.57,34.25,0.00,0.00,37.49,37.49,72.82,69.95,0.96049558,0.316,0.00,1.73,104144.08,101828,0.69,0.70,
Community-13,NH4,10/5/2020,2week,Sunny,10:19,20.6,29,10.41,88.8,10.07,2.6537,10860,4092.7,3,28,4064.7,10857,2236.35,235.36,9.50,22.56,0.00,0.00,26.55,26.55,80.25,100.16,1.24815169,0.508,0.00,1.73,132893.78,132149,0.76,0.60,
Community-14,NO3,10/5/2020,2week,Sunny,10:24,20.6,43,9.78,80.1,9.64,0.6466,5832.2,9019.6,4,28,8991.6,5828.2,2353.46,247.96,9.49,53.09,0.00,0.00,25.91,25.91,52.38,45.62,0.870965936,0.243,0.00,2.76,43028.05,40050,1.14,1.22,
Community-15,Urea,10/5/2020,2week,Sunny,10:29,20.7,42,10.02,79.7,9.74,1.0381,6674.1,6429,7,30,6399,6667.1,1935.43,271.45,7.13,41.11,0.00,0.00,30.34,30.34,61.10,67.99,1.112693983,0.282,0.00,2.81,70447.26,66642,1.02,0.87,
Community-16,Control,10/5/2020,2week,Sunny,10:35,20.7,64,10.33,78.3,9.62,0.2799,3766.9,13457,6,28,13429,3760.9,1476.38,285.26,5.18,60.17,0.00,0.00,44.86,44.86,42.41,21.30,0.502276947,0.298,2.44,2.81,43127.23,39239,0.54,0.98,
Community-17,NH4,10/5/2020,2week,Sunny,10:41,20.7,29,10.71,88.8,10,2.6879,13149,4891.9,6,30,4861.9,13143,2489.36,267.72,9.30,17.94,0.00,0.00,22.97,22.97,88.56,101.00,1.140547828,0.124,0.00,2.74,112215.18,111719,0.90,0.79,
Community-18,NO3,10/5/2020,2week,Sunny,10:46,20.7,40,9.91,81.5,9.72,0.9112,6997.5,7679.8,6,29,7650.8,6991.5,2177.17,306.93,7.09,63.20,0.00,0.00,30.34,30.34,75.86,59.82,0.788516295,0.838,0.00,2.65,56643.62,55941,1.07,1.34,
Community-19,Control,10/5/2020,2week,Sunny,10:51,20.7,54,9.91,77,9.46,0.3149,4206.9,13361,7,28,13333,4199.9,1651.11,281.63,5.86,62.19,0.00,0.00,26.55,26.55,54.75,17.01,0.310646175,0.133,0.00,2.35,55236.98,51887,0.33,0.99,
Community-20,Urea,10/5/2020,2week,Sunny,10:57,20.8,39,9.78,79.8,9.77,1.0034,8699,8669.8,5,29,8640.8,8694,2042.83,280.01,7.30,35.84,0.00,0.00,25.28,25.28,80.77,70.71,0.875522087,0.593,0.00,2.59,65690.48,62589,1.13,1.23,
Community-21,NH4,10/5/2020,2week,Sunny,11:02,20.9,29,10.61,89.7,10.1,2.572,15537,6041,11,31,6010,15526,2703.54,325.88,8.30,19.02,0.00,0.00,27.81,27.81,129.94,161.36,1.241849456,0.845,0.00,1.73,93324.92,90802,1.78,1.39,
Community-22,NO3,10/5/2020,2week,Sunny,11:07,20.8,56,10.08,80.9,9.67,0.5759,5257.6,9128.7,4,29,9099.7,5253.6,2303.98,273.66,8.42,57.06,0.00,0.00,32.02,32.02,55.40,48.89,0.882458884,0.177,0.00,3.64,75867.64,72642,0.67,0.73,
Community-23,Urea,10/5/2020,2week,Sunny,11:13,20.9,34,10.14,81.3,9.81,0.8459,6015,7110.6,6,29,7081.6,6009,1843.06,255.32,7.22,34.83,0.00,0.00,8.23,8.23,61.32,115.20,1.878651537,0.375,0.00,3.01,63895.56,63399,1.82,0.96,
Community-24,Control,10/5/2020,2week,Sunny,11:18,20.9,51,10.11,77.4,9.48,0.3588,4329.5,12066,6,28,12038,4323.5,1657.69,289.19,5.73,62.62,0.00,0.00,9.07,9.07,56.26,47.75,0.848672325,0.146,0.00,2.43,55311.67,54319,0.88,1.02,
Community,Pond,10/5/2020,2week,Sunny,11:22,21,35,9.39,77.1,9.5,0.9692,5299.5,5468.5,4,38,5430.5,5295.5,1369.92,209.96,6.52,24.73,0.00,0.00,25.49,25.49,39.74,53.30,1.34126065,0.032,0.00,6.72,n/a,45887,1.16,n/a,
